f_ghz,s21_msb_db,s21_lsb_db,s11_msb_db,s11_lsb_db,s22_db
1.000000000000000056e-01,8.032246389999999181e+00,2.057657199999999964e+00,-3.329429460000000063e+01,-3.570809299999999809e+01,-2.744648559999999904e+01
1.023292989999999986e-01,8.039325220000000272e+00,2.064807989999999815e+00,-3.328732300000000066e+01,-3.570344089999999682e+01,-2.744570889999999963e+01
1.047128549999999936e-01,8.046149939999999390e+00,2.071702210000000210e+00,-3.328056019999999648e+01,-3.569893259999999913e+01,-2.744493110000000158e+01
1.071519310000000058e-01,8.052727120000000127e+00,2.078346520000000197e+00,-3.327399940000000100e+01,-3.569456389999999857e+01,-2.744415419999999983e+01
1.096478199999999931e-01,8.059063390000000382e+00,2.084747600000000034e+00,-3.326763340000000113e+01,-3.569033019999999823e+01,-2.744338000000000122e+01
1.122018449999999945e-01,8.065165410000000534e+00,2.090912139999999919e+00,-3.326145509999999916e+01,-3.568622729999999876e+01,-2.744261020000000073e+01
1.148153620000000041e-01,8.071039799999999431e+00,2.096846839999999990e+00,-3.325545720000000216e+01,-3.568225060000000326e+01,-2.744184600000000174e+01
1.174897550000000013e-01,8.076693179999999472e+00,2.102558380000000060e+00,-3.324963259999999821e+01,-3.567839560000000176e+01,-2.744108879999999928e+01
1.202264430000000023e-01,8.082132120000000697e+00,2.108053379999999866e+00,-3.324397400000000147e+01,-3.567465779999999853e+01,-2.744033950000000033e+01
1.230268770000000067e-01,8.087363160000000661e+00,2.113338440000000151e+00,-3.323847390000000246e+01,-3.567103259999999665e+01,-2.743959919999999997e+01
1.258925409999999967e-01,8.092392750000000134e+00,2.118420060000000049e+00,-3.323312529999999754e+01,-3.566751539999999920e+01,-2.743886850000000166e+01
1.288249549999999910e-01,8.097227269999999422e+00,2.123304689999999884e+00,-3.322792059999999736e+01,-3.566410179999999741e+01,-2.743814809999999937e+01
1.318256740000000038e-01,8.101873010000000264e+00,2.127998680000000142e+00,-3.322285260000000306e+01,-3.566078699999999913e+01,-2.743743840000000134e+01
1.348962880000000031e-01,8.106336170000000507e+00,2.132508290000000084e+00,-3.321791400000000039e+01,-3.565756660000000267e+01,-2.743674000000000035e+01
1.380384259999999919e-01,8.110622839999999556e+00,2.136839650000000201e+00,-3.321309750000000349e+01,-3.565443599999999691e+01,-2.743605300000000113e+01
1.412537540000000091e-01,8.114739000000000146e+00,2.140998800000000202e+00,-3.320839579999999813e+01,-3.565139070000000032e+01,-2.743537759999999892e+01
1.445439769999999902e-01,8.118690499999999588e+00,2.144991660000000078e+00,-3.320380169999999964e+01,-3.564842620000000295e+01,-2.743471399999999960e+01
1.479108389999999884e-01,8.122483069999999472e+00,2.148824020000000168e+00,-3.319930790000000087e+01,-3.564553800000000194e+01,-2.743406209999999845e+01
1.513561250000000080e-01,8.126122320000000343e+00,2.152501519999999946e+00,-3.319490720000000294e+01,-3.564272160000000156e+01,-2.743342189999999903e+01
1.548816620000000033e-01,8.129613720000000043e+00,2.156029709999999877e+00,-3.319059239999999988e+01,-3.563997249999999894e+01,-2.743279310000000137e+01
1.584893189999999896e-01,8.132962620000000697e+00,2.159413949999999804e+00,-3.318635640000000109e+01,-3.563728650000000187e+01,-2.743217569999999839e+01
1.621810099999999866e-01,8.136174190000000195e+00,2.162659520000000057e+00,-3.318219200000000058e+01,-3.563465899999999920e+01,-2.743156940000000077e+01
1.659586909999999915e-01,8.139253520000000464e+00,2.165771519999999839e+00,-3.317809199999999947e+01,-3.563208569999999753e+01,-2.743097369999999913e+01
1.698243650000000049e-01,8.142205519999999197e+00,2.168754920000000030e+00,-3.317404930000000007e+01,-3.562956230000000346e+01,-2.743038839999999823e+01
1.737800830000000019e-01,8.145034980000000147e+00,2.171614550000000143e+00,-3.317005679999999757e+01,-3.562708440000000110e+01,-2.742981299999999933e+01
1.778279409999999894e-01,8.147746520000000103e+00,2.174355100000000096e+00,-3.316610730000000018e+01,-3.562464760000000297e+01,-2.742924710000000132e+01
1.819700860000000031e-01,8.150344670000000846e+00,2.176981120000000214e+00,-3.316219379999999717e+01,-3.562224779999999669e+01,-2.742869010000000074e+01
1.862087139999999974e-01,8.152833770000000868e+00,2.179497009999999957e+00,-3.315830890000000153e+01,-3.561988060000000189e+01,-2.742814160000000001e+01
1.905460720000000108e-01,8.155218059999999269e+00,2.181907059999999898e+00,-3.315444569999999658e+01,-3.561754169999999675e+01,-2.742760099999999923e+01
1.949844599999999983e-01,8.157501639999999554e+00,2.184215379999999929e+00,-3.315059680000000242e+01,-3.561522690000000324e+01,-2.742706760000000088e+01
1.995262309999999983e-01,8.159688440000000043e+00,2.186425980000000102e+00,-3.314675510000000003e+01,-3.561293179999999836e+01,-2.742654080000000150e+01
2.041737939999999918e-01,8.161782309999999541e+00,2.188542729999999992e+00,-3.314291320000000240e+01,-3.561065219999999698e+01,-2.742602009999999879e+01
2.089296129999999863e-01,8.163786939999999603e+00,2.190569360000000021e+00,-3.313906389999999647e+01,-3.560838379999999859e+01,-2.742550460000000001e+01
2.137962089999999871e-01,8.165705889999999911e+00,2.192509480000000011e+00,-3.313519970000000114e+01,-3.560612220000000150e+01,-2.742499379999999931e+01
2.187761619999999962e-01,8.167542609999999925e+00,2.194366570000000127e+00,-3.313131309999999985e+01,-3.560386319999999927e+01,-2.742448690000000155e+01
2.238721140000000109e-01,8.169300429999999835e+00,2.196143979999999996e+00,-3.312739669999999848e+01,-3.560160230000000325e+01,-2.742398319999999856e+01
2.290867649999999978e-01,8.170982529999999855e+00,2.197844949999999908e+00,-3.312344269999999824e+01,-3.559933529999999990e+01,-2.742348180000000113e+01
2.344228819999999991e-01,8.172592019999999735e+00,2.199472609999999939e+00,-3.311944350000000270e+01,-3.559705749999999824e+01,-2.742298200000000108e+01
2.398832919999999980e-01,8.174131859999999250e+00,2.201029950000000124e+00,-3.311539109999999653e+01,-3.559476469999999892e+01,-2.742248310000000089e+01
2.454708919999999961e-01,8.175604910000000558e+00,2.202519880000000096e+00,-3.311127749999999992e+01,-3.559245210000000270e+01,-2.742198420000000070e+01
2.511886429999999892e-01,8.177013929999999320e+00,2.203945179999999837e+00,-3.310709460000000348e+01,-3.559011540000000196e+01,-2.742148440000000065e+01
2.570395779999999908e-01,8.178361569999999858e+00,2.205308519999999994e+00,-3.310283419999999666e+01,-3.558774970000000337e+01,-2.742098289999999849e+01
2.630267989999999778e-01,8.179650369999999171e+00,2.206612489999999926e+00,-3.309848769999999973e+01,-3.558535030000000177e+01,-2.742047880000000148e+01
2.691534800000000005e-01,8.180882790000000071e+00,2.207859570000000105e+00,-3.309404659999999865e+01,-3.558291249999999906e+01,-2.741997119999999910e+01
2.754228699999999863e-01,8.182061190000000650e+00,2.209052129999999892e+00,-3.308950190000000191e+01,-3.558043130000000076e+01,-2.741945929999999976e+01
2.818382930000000175e-01,8.183187820000000556e+00,2.210192469999999965e+00,-3.308484469999999789e+01,-3.557790169999999819e+01,-2.741894200000000126e+01
2.884031499999999970e-01,8.184264860000000752e+00,2.211282779999999892e+00,-3.308006559999999752e+01,-3.557531869999999685e+01,-2.741841840000000019e+01
2.951209229999999795e-01,8.185294380000000203e+00,2.212325180000000113e+00,-3.307515529999999870e+01,-3.557267689999999760e+01,-2.741788749999999908e+01
3.019951719999999784e-01,8.186278409999999894e+00,2.213321699999999836e+00,-3.307010389999999944e+01,-3.556997109999999651e+01,-2.741734819999999928e+01
3.090295430000000176e-01,8.187218850000000714e+00,2.214274280000000150e+00,-3.306490139999999656e+01,-3.556719569999999919e+01,-2.741679969999999855e+01
3.162277660000000212e-01,8.188117540000000361e+00,2.215184779999999964e+00,-3.305953749999999758e+01,-3.556434509999999705e+01,-2.741624069999999946e+01
3.235936569999999790e-01,8.188976269999999502e+00,2.216054999999999886e+00,-3.305400159999999943e+01,-3.556141360000000162e+01,-2.741567020000000099e+01
3.311311209999999727e-01,8.189796709999999536e+00,2.216886650000000181e+00,-3.304828280000000262e+01,-3.555839509999999848e+01,-2.741508699999999976e+01
3.388441560000000075e-01,8.190580499999999375e+00,2.217681390000000086e+00,-3.304236989999999707e+01,-3.555528350000000160e+01,-2.741449000000000069e+01
3.467368499999999854e-01,8.191329200000000199e+00,2.218440779999999890e+00,-3.303625120000000237e+01,-3.555207260000000247e+01,-2.741387810000000158e+01
3.548133889999999790e-01,8.192044279999999290e+00,2.219166350000000065e+00,-3.302991480000000024e+01,-3.554875580000000213e+01,-2.741324979999999911e+01
3.630780550000000106e-01,8.192727189999999382e+00,2.219859539999999853e+00,-3.302334830000000210e+01,-3.554532640000000043e+01,-2.741260409999999936e+01
3.715352290000000224e-01,8.193379289999999315e+00,2.220521740000000133e+00,-3.301653900000000164e+01,-3.554177750000000202e+01,-2.741193960000000018e+01
3.801893960000000128e-01,8.194001880000000071e+00,2.221154289999999865e+00,-3.300947370000000092e+01,-3.553810190000000091e+01,-2.741125489999999942e+01
3.890451449999999811e-01,8.194596230000000148e+00,2.221758439999999890e+00,-3.300213879999999733e+01,-3.553429220000000299e+01,-2.741054859999999849e+01
3.981071709999999819e-01,8.195163530000000307e+00,2.222335429999999779e+00,-3.299452019999999663e+01,-3.553034070000000355e+01,-2.740981929999999878e+01
4.073802779999999846e-01,8.195704929999999777e+00,2.222886420000000030e+00,-3.298660339999999991e+01,-3.552623950000000264e+01,-2.740906539999999936e+01
4.168693829999999823e-01,8.196221519999999927e+00,2.223412530000000054e+00,-3.297837340000000239e+01,-3.552198030000000273e+01,-2.740828550000000163e+01
4.265795190000000181e-01,8.196714350000000593e+00,2.223914820000000070e+00,-3.296981449999999825e+01,-3.551755479999999920e+01,-2.740747789999999995e+01
4.365158319999999925e-01,8.197184439999999128e+00,2.224394310000000097e+00,-3.296091080000000062e+01,-3.551295389999999941e+01,-2.740664089999999931e+01
4.466835920000000182e-01,8.197632719999999651e+00,2.224851999999999830e+00,-3.295164549999999792e+01,-3.550816859999999764e+01,-2.740577289999999877e+01
4.570881900000000053e-01,8.198060130000000001e+00,2.225288799999999956e+00,-3.294200159999999755e+01,-3.550318939999999657e+01,-2.740487189999999984e+01
4.677351410000000209e-01,8.198467530000000281e+00,2.225705609999999890e+00,-3.293196110000000232e+01,-3.549800640000000129e+01,-2.740393620000000041e+01
4.786300920000000070e-01,8.198855760000000714e+00,2.226103290000000179e+00,-3.292150579999999849e+01,-3.549260939999999920e+01,-2.740296379999999843e+01
4.897788189999999764e-01,8.199225609999999165e+00,2.226482659999999836e+00,-3.291061659999999733e+01,-3.548698790000000258e+01,-2.740195260000000133e+01
5.011872339999999815e-01,8.199577839999999895e+00,2.226844480000000015e+00,-3.289927380000000312e+01,-3.548113070000000135e+01,-2.740090070000000111e+01
5.128613840000000312e-01,8.199913190000000185e+00,2.227189520000000034e+00,-3.288745709999999889e+01,-3.547502659999999963e+01,-2.739980570000000171e+01
5.248074600000000034e-01,8.200232330000000402e+00,2.227518470000000139e+00,-3.287514560000000330e+01,-3.546866359999999929e+01,-2.739866539999999873e+01
5.370317959999999502e-01,8.200535929999999141e+00,2.227832020000000135e+00,-3.286231750000000318e+01,-3.546202949999999987e+01,-2.739747750000000082e+01
5.495408739999999570e-01,8.200824620000000564e+00,2.228130810000000128e+00,-3.284895039999999966e+01,-3.545511139999999983e+01,-2.739623939999999891e+01
5.623413250000000030e-01,8.201098990000000200e+00,2.228415459999999904e+00,-3.283502140000000225e+01,-3.544789620000000241e+01,-2.739494870000000049e+01
5.754399369999999569e-01,8.201359599999999972e+00,2.228686569999999811e+00,-3.282050639999999930e+01,-3.544037000000000148e+01,-2.739360260000000125e+01
5.888436550000000214e-01,8.201606999999999204e+00,2.228944680000000123e+00,-3.280538090000000295e+01,-3.543251870000000281e+01,-2.739219830000000044e+01
6.025595860000000359e-01,8.201841710000000063e+00,2.229190350000000098e+00,-3.278961950000000058e+01,-3.542432730000000163e+01,-2.739073289999999972e+01
6.165950019999999476e-01,8.202064200000000582e+00,2.229424079999999808e+00,-3.277319609999999983e+01,-3.541578049999999678e+01,-2.738920350000000070e+01
6.309573440000000311e-01,8.202274940000000569e+00,2.229646349999999888e+00,-3.275608379999999897e+01,-3.540686240000000140e+01,-2.738760669999999919e+01
6.456542290000000239e-01,8.202474369999999126e+00,2.229857620000000207e+00,-3.273825500000000233e+01,-3.539755650000000031e+01,-2.738593940000000160e+01
6.606934479999999610e-01,8.202662899999999979e+00,2.230058350000000189e+00,-3.271968100000000135e+01,-3.538784549999999740e+01,-2.738419809999999899e+01
6.760829750000000304e-01,8.202840930000000697e+00,2.230248930000000129e+00,-3.270033269999999703e+01,-3.537771190000000132e+01,-2.738237910000000142e+01
6.918309710000000168e-01,8.203008829999999918e+00,2.230429780000000139e+00,-3.268018000000000001e+01,-3.536713699999999960e+01,-2.738047879999999878e+01
7.079457839999999669e-01,8.203166939999999130e+00,2.230601270000000191e+00,-3.265919190000000327e+01,-3.535610199999999992e+01,-2.737849310000000003e+01
7.244359599999999899e-01,8.203315590000000768e+00,2.230763759999999873e+00,-3.263733700000000226e+01,-3.534458699999999709e+01,-2.737641819999999981e+01
7.413102409999999809e-01,8.203455110000000161e+00,2.230917589999999784e+00,-3.261458259999999854e+01,-3.533257160000000141e+01,-2.737424959999999885e+01
7.585775750000000039e-01,8.203585770000000110e+00,2.231063069999999815e+00,-3.259089569999999725e+01,-3.532003470000000078e+01,-2.737198289999999901e+01
7.762471170000000420e-01,8.203707850000000690e+00,2.231200519999999798e+00,-3.256624229999999898e+01,-3.530695440000000218e+01,-2.736961349999999982e+01
7.943282350000000491e-01,8.203821599999999492e+00,2.231330209999999870e+00,-3.254058760000000206e+01,-3.529330809999999730e+01,-2.736713650000000086e+01
8.128305160000000029e-01,8.203927269999999439e+00,2.231452430000000042e+00,-3.251389629999999897e+01,-3.527907239999999689e+01,-2.736454690000000056e+01
8.317637709999999851e-01,8.204025079999999193e+00,2.231567430000000130e+00,-3.248613230000000129e+01,-3.526422329999999761e+01,-2.736183949999999854e+01
8.511380379999999857e-01,8.204115220000000264e+00,2.231675450000000005e+00,-3.245725879999999819e+01,-3.524873589999999979e+01,-2.735900859999999923e+01
8.709635900000000097e-01,8.204197889999999660e+00,2.231776710000000108e+00,-3.242723840000000024e+01,-3.523258440000000036e+01,-2.735604860000000116e+01
8.912509379999999926e-01,8.204273260000000789e+00,2.231871429999999989e+00,-3.239603309999999681e+01,-3.521574249999999751e+01,-2.735295350000000170e+01
9.120108390000000176e-01,8.204341489999999126e+00,2.231959810000000211e+00,-3.236360429999999866e+01,-3.519818279999999788e+01,-2.734971690000000066e+01
9.332543009999999528e-01,8.204402729999999977e+00,2.232042030000000121e+00,-3.232991309999999885e+01,-3.517987740000000230e+01,-2.734633249999999904e+01
9.549925860000000322e-01,8.204457090000000008e+00,2.232118269999999960e+00,-3.229491989999999646e+01,-3.516079719999999753e+01,-2.734279330000000030e+01
9.772372209999999892e-01,8.204504699999999318e+00,2.232188690000000086e+00,-3.225858480000000128e+01,-3.514091280000000239e+01,-2.733909230000000079e+01
1.000000000000000000e+00,8.204545650000000023e+00,2.232253420000000155e+00,-3.222086759999999828e+01,-3.512019360000000034e+01,-2.733522200000000169e+01
1.023292990000000069e+00,8.204580030000000690e+00,2.232312620000000081e+00,-3.218172770000000327e+01,-3.509860820000000103e+01,-2.733117479999999944e+01
1.047128550000000047e+00,8.204607920000000831e+00,2.232366410000000023e+00,-3.214112459999999771e+01,-3.507612470000000116e+01,-2.732694250000000125e+01
1.071519310000000003e+00,8.204629360000000204e+00,2.232414900000000202e+00,-3.209901719999999870e+01,-3.505271030000000110e+01,-2.732251690000000011e+01
1.096478199999999958e+00,8.204644410000000221e+00,2.232458180000000070e+00,-3.205536490000000072e+01,-3.502833119999999667e+01,-2.731788909999999859e+01
1.122018449999999889e+00,8.204653099999999810e+00,2.232496359999999846e+00,-3.201012670000000071e+01,-3.500295309999999915e+01,-2.731305000000000049e+01
1.148153619999999986e+00,8.204655450000000627e+00,2.232529509999999995e+00,-3.196326189999999912e+01,-3.497654099999999744e+01,-2.730799000000000021e+01
1.174897550000000068e+00,8.204651450000000068e+00,2.232557710000000029e+00,-3.191473020000000105e+01,-3.494905899999999832e+01,-2.730269940000000162e+01
1.202264430000000051e+00,8.204641110000000737e+00,2.232581010000000088e+00,-3.186449139999999858e+01,-3.492047060000000158e+01,-2.729716769999999926e+01
1.230268769999999900e+00,8.204624400000000151e+00,2.232599469999999808e+00,-3.181250569999999911e+01,-3.489073869999999999e+01,-2.729138430000000071e+01
1.258925410000000022e+00,8.204601289999999381e+00,2.232613119999999896e+00,-3.175873410000000163e+01,-3.485982560000000063e+01,-2.728533789999999826e+01
1.288249549999999966e+00,8.204571720000000568e+00,2.232621990000000167e+00,-3.170313799999999915e+01,-3.482769290000000240e+01,-2.727901689999999846e+01
1.318256740000000038e+00,8.204535639999999574e+00,2.232626100000000058e+00,-3.164567960000000113e+01,-3.479430190000000067e+01,-2.727240919999999846e+01
1.348962879999999975e+00,8.204492970000000440e+00,2.232625469999999890e+00,-3.158632210000000029e+01,-3.475961319999999688e+01,-2.726550209999999907e+01
1.380384260000000030e+00,8.204443619999999271e+00,2.232620079999999785e+00,-3.152502959999999987e+01,-3.472358710000000315e+01,-2.725828249999999997e+01
1.412537539999999980e+00,8.204387499999999278e+00,2.232609940000000126e+00,-3.146176720000000060e+01,-3.468618359999999967e+01,-2.725073689999999971e+01
1.445439769999999902e+00,8.204324469999999536e+00,2.232595020000000208e+00,-3.139650139999999823e+01,-3.464736229999999750e+01,-2.724285090000000054e+01
1.479108389999999940e+00,8.204254410000000775e+00,2.232575300000000151e+00,-3.132919989999999899e+01,-3.460708269999999942e+01,-2.723460999999999999e+01
1.513561249999999969e+00,8.204177169999999464e+00,2.232550719999999878e+00,-3.125983180000000061e+01,-3.456530399999999759e+01,-2.722599870000000166e+01
1.548816619999999977e+00,8.204092599999999180e+00,2.232521250000000013e+00,-3.118836789999999937e+01,-3.452198539999999838e+01,-2.721700119999999856e+01
1.584893190000000063e+00,8.204000510000000190e+00,2.232486820000000094e+00,-3.111478059999999957e+01,-3.447708620000000224e+01,-2.720760100000000037e+01
1.621810100000000032e+00,8.203900709999999208e+00,2.232447360000000103e+00,-3.103904400000000052e+01,-3.443056579999999656e+01,-2.719778099999999910e+01
1.659586910000000026e+00,8.203792999999999225e+00,2.232402790000000081e+00,-3.096113409999999888e+01,-3.438238359999999716e+01,-2.718752329999999873e+01
1.698243649999999993e+00,8.203677139999999923e+00,2.232353020000000132e+00,-3.088102879999999928e+01,-3.433249969999999962e+01,-2.717680969999999974e+01
1.737800830000000074e+00,8.203552910000000864e+00,2.232297949999999975e+00,-3.079870820000000009e+01,-3.428087430000000069e+01,-2.716562100000000157e+01
1.778279409999999894e+00,8.203420030000000196e+00,2.232237459999999896e+00,-3.071415430000000057e+01,-3.422746810000000295e+01,-2.715393740000000022e+01
1.819700859999999976e+00,8.203278230000000448e+00,2.232171440000000118e+00,-3.062735149999999962e+01,-3.417224259999999703e+01,-2.714173849999999888e+01
1.862087140000000085e+00,8.203127220000000719e+00,2.232099740000000221e+00,-3.053828629999999933e+01,-3.411515980000000070e+01,-2.712900319999999965e+01
1.905460719999999997e+00,8.202966679999999400e+00,2.232022220000000168e+00,-3.044694760000000144e+01,-3.405618290000000314e+01,-2.711570940000000007e+01
1.949844600000000039e+00,8.202796270000000334e+00,2.231938720000000043e+00,-3.035332670000000022e+01,-3.399527580000000171e+01,-2.710183470000000128e+01
1.995262309999999983e+00,8.202615650000000258e+00,2.231849079999999930e+00,-3.025741719999999901e+01,-3.393240339999999833e+01,-2.708735550000000103e+01
2.041737939999999973e+00,8.202424439999999706e+00,2.231753090000000217e+00,-3.015921510000000083e+01,-3.386753199999999708e+01,-2.707224779999999953e+01
2.089296130000000140e+00,8.202222239999999331e+00,2.231650580000000161e+00,-3.005871910000000113e+01,-3.380062900000000070e+01,-2.705648670000000067e+01
2.137962089999999815e+00,8.202008629999999911e+00,2.231541340000000151e+00,-2.995593009999999978e+01,-3.373166340000000218e+01,-2.704004640000000137e+01
2.187761619999999851e+00,8.201783159999999739e+00,2.231425129999999868e+00,-2.985085159999999860e+01,-3.366060569999999785e+01,-2.702290049999999866e+01
2.238721139999999998e+00,8.201545380000000662e+00,2.231301719999999822e+00,-2.974348930000000024e+01,-3.358742790000000156e+01,-2.700502189999999914e+01
2.290867650000000033e+00,8.201294779999999562e+00,2.231170870000000139e+00,-2.963385179999999863e+01,-3.351210379999999844e+01,-2.698638229999999893e+01
2.344228820000000102e+00,8.201030859999999478e+00,2.231032299999999857e+00,-2.952194950000000162e+01,-3.343460910000000297e+01,-2.696695310000000134e+01
2.398832919999999813e+00,8.200753060000000261e+00,2.230885740000000173e+00,-2.940779560000000004e+01,-3.335492130000000088e+01,-2.694670470000000151e+01
2.454708919999999850e+00,8.200460809999999157e+00,2.230730889999999800e+00,-2.929140539999999859e+01,-3.327302019999999771e+01,-2.692560669999999945e+01
2.511886430000000114e+00,8.200153509999999812e+00,2.230567440000000179e+00,-2.917279650000000046e+01,-3.318888729999999754e+01,-2.690362790000000004e+01
2.570395780000000130e+00,8.199830520000000789e+00,2.230395049999999824e+00,-2.905198850000000022e+01,-3.310250659999999812e+01,-2.688073650000000114e+01
2.630267990000000111e+00,8.199491180000000767e+00,2.230213379999999912e+00,-2.892900339999999915e+01,-3.301386420000000044e+01,-2.685689980000000077e+01
2.691534799999999894e+00,8.199134799999999501e+00,2.230022069999999967e+00,-2.880386490000000066e+01,-3.292294849999999684e+01,-2.683208460000000173e+01
2.754228700000000085e+00,8.198760639999999711e+00,2.229820720000000200e+00,-2.867659869999999955e+01,-3.282975030000000061e+01,-2.680625669999999872e+01
2.818382929999999842e+00,8.198367929999999859e+00,2.229608949999999812e+00,-2.854723249999999979e+01,-3.273426289999999739e+01,-2.677938139999999834e+01
2.884031499999999859e+00,8.197955869999999479e+00,2.229386310000000204e+00,-2.841579540000000037e+01,-3.263648179999999854e+01,-2.675142340000000019e+01
2.951209229999999906e+00,8.197523609999999294e+00,2.229152379999999933e+00,-2.828231849999999881e+01,-3.253640500000000202e+01,-2.672234660000000162e+01
3.019951719999999895e+00,8.197070280000000153e+00,2.228906680000000140e+00,-2.814683399999999835e+01,-3.243403299999999945e+01,-2.669211449999999886e+01
3.090295429999999843e+00,8.196594940000000662e+00,2.228648730000000189e+00,-2.800937580000000082e+01,-3.232936889999999863e+01,-2.666068999999999889e+01
3.162277659999999990e+00,8.196096640000000377e+00,2.228378010000000131e+00,-2.786997900000000072e+01,-3.222241790000000350e+01,-2.662803549999999930e+01
3.235936569999999790e+00,8.195574349999999342e+00,2.228094000000000019e+00,-2.772867979999999832e+01,-3.211318789999999979e+01,-2.659411300000000011e+01
3.311311209999999949e+00,8.195027019999999496e+00,2.227796119999999824e+00,-2.758551560000000080e+01,-3.200168920000000128e+01,-2.655888399999999905e+01
3.388441559999999964e+00,8.194453530000000541e+00,2.227483799999999903e+00,-2.744052459999999982e+01,-3.188793420000000012e+01,-2.652230989999999977e+01
3.467368500000000076e+00,8.193852729999999696e+00,2.227156420000000026e+00,-2.729374590000000111e+01,-3.177193769999999873e+01,-2.648435149999999894e+01
3.548133889999999901e+00,8.193223400000000822e+00,2.226813340000000085e+00,-2.714521939999999844e+01,-3.165371700000000033e+01,-2.644496979999999908e+01
3.630780549999999884e+00,8.192564270000000093e+00,2.226453900000000097e+00,-2.699498549999999852e+01,-3.153329120000000074e+01,-2.640412540000000163e+01
3.715352289999999780e+00,8.191874020000000201e+00,2.226077389999999934e+00,-2.684308509999999970e+01,-3.141068179999999899e+01,-2.636177890000000090e+01
3.801893960000000128e+00,8.191151250000000772e+00,2.225683089999999975e+00,-2.668955970000000022e+01,-3.128591199999999972e+01,-2.631789119999999826e+01
3.890451450000000033e+00,8.190394519999999901e+00,2.225270220000000077e+00,-2.653445100000000068e+01,-3.115900720000000135e+01,-2.627242299999999986e+01
3.981071710000000152e+00,8.189602309999999719e+00,2.224838000000000093e+00,-2.637780070000000165e+01,-3.102999459999999843e+01,-2.622533549999999991e+01
4.073802780000000290e+00,8.188773039999999170e+00,2.224385600000000185e+00,-2.621965110000000010e+01,-3.089890300000000067e+01,-2.617658989999999974e+01
4.168693829999999600e+00,8.187905049999999463e+00,2.223912149999999865e+00,-2.606004409999999893e+01,-3.076576289999999858e+01,-2.612614819999999938e+01
4.265795190000000403e+00,8.186996609999999563e+00,2.223416750000000164e+00,-2.589902179999999987e+01,-3.063060630000000018e+01,-2.607397269999999878e+01
4.365158319999999925e+00,8.186045930000000581e+00,2.222898450000000192e+00,-2.573662600000000111e+01,-3.049346669999999904e+01,-2.602002630000000138e+01
4.466835920000000293e+00,8.185051120000000680e+00,2.222356270000000134e+00,-2.557289869999999965e+01,-3.035437879999999922e+01,-2.596427279999999982e+01
4.570881899999999831e+00,8.184010199999999458e+00,2.221789189999999969e+00,-2.540788119999999850e+01,-3.021337859999999864e+01,-2.590667669999999845e+01
4.677351409999999987e+00,8.182921130000000431e+00,2.221196130000000046e+00,-2.524161480000000068e+01,-3.007050299999999865e+01,-2.584720349999999911e+01
4.786300920000000403e+00,8.181781750000000741e+00,2.220575999999999883e+00,-2.507414010000000104e+01,-2.992579010000000039e+01,-2.578581970000000112e+01
4.897788189999999986e+00,8.180589839999999668e+00,2.219927619999999990e+00,-2.490549779999999913e+01,-2.977927860000000138e+01,-2.572249319999999884e+01
5.011872340000000037e+00,8.179343039999999121e+00,2.219249790000000111e+00,-2.473572760000000059e+01,-2.963100800000000135e+01,-2.565719280000000069e+01
5.128613839999999868e+00,8.178038929999999596e+00,2.218541239999999970e+00,-2.456486909999999924e+01,-2.948101859999999874e+01,-2.558988899999999944e+01
5.248074599999999812e+00,8.176674950000000663e+00,2.217800679999999858e+00,-2.439296110000000084e+01,-2.932935110000000023e+01,-2.552055370000000067e+01
5.370317960000000390e+00,8.175248449999999778e+00,2.217026719999999784e+00,-2.422004189999999824e+01,-2.917604659999999939e+01,-2.544916020000000145e+01
5.495408740000000236e+00,8.173756649999999624e+00,2.216217949999999881e+00,-2.404614929999999973e+01,-2.902114660000000157e+01,-2.537568380000000090e+01
5.623413249999999586e+00,8.172196659999999113e+00,2.215372889999999817e+00,-2.387132030000000071e+01,-2.886469269999999909e+01,-2.530010139999999907e+01
5.754399369999999792e+00,8.170565460000000613e+00,2.214489990000000130e+00,-2.369559149999999903e+01,-2.870672670000000082e+01,-2.522239160000000169e+01
5.888436549999999770e+00,8.168859890000000235e+00,2.213567630000000008e+00,-2.351899870000000092e+01,-2.854729060000000018e+01,-2.514253529999999870e+01
6.025595860000000137e+00,8.167076679999999200e+00,2.212604160000000153e+00,-2.334157700000000091e+01,-2.838642610000000133e+01,-2.506051499999999876e+01
6.165950020000000364e+00,8.165212379999999825e+00,2.211597810000000219e+00,-2.316336090000000070e+01,-2.822417490000000129e+01,-2.497631570000000067e+01
6.309573440000000311e+00,8.163263419999999826e+00,2.210546780000000044e+00,-2.298438429999999855e+01,-2.806057859999999948e+01,-2.488992410000000177e+01
6.456542289999999795e+00,8.161226069999999666e+00,2.209449160000000134e+00,-2.280468019999999996e+01,-2.789567849999999893e+01,-2.480132950000000136e+01
6.606934479999999610e+00,8.159096419999999128e+00,2.208302989999999966e+00,-2.262428099999999986e+01,-2.772951550000000154e+01,-2.471052309999999963e+01
6.760829750000000082e+00,8.156870409999999794e+00,2.207106200000000129e+00,-2.244321869999999919e+01,-2.756213029999999975e+01,-2.461749839999999878e+01
6.918309709999999946e+00,8.154543800000000786e+00,2.205856659999999803e+00,-2.226152430000000138e+01,-2.739356289999999916e+01,-2.452225139999999826e+01
7.079457839999999891e+00,8.152112150000000668e+00,2.204552130000000165e+00,-2.207922840000000164e+01,-2.722385329999999826e+01,-2.442477999999999838e+01
7.244359600000000121e+00,8.149570860000000749e+00,2.203190279999999834e+00,-2.189636069999999890e+01,-2.705304040000000043e+01,-2.432508460000000028e+01
7.413102409999999587e+00,8.146915099999999299e+00,2.201768690000000195e+00,-2.171295040000000043e+01,-2.688116300000000081e+01,-2.422316800000000114e+01
7.585775749999999817e+00,8.144139839999999353e+00,2.200284809999999869e+00,-2.152902630000000173e+01,-2.670825920000000053e+01,-2.411903489999999906e+01
7.762471170000000420e+00,8.141239829999999955e+00,2.198736020000000124e+00,-2.134461620000000082e+01,-2.653436639999999969e+01,-2.401269250000000000e+01
7.943282349999999603e+00,8.138209599999999710e+00,2.197119550000000032e+00,-2.115974770000000049e+01,-2.635952149999999961e+01,-2.390415009999999896e+01
8.128305160000000029e+00,8.135043409999999753e+00,2.195432530000000160e+00,-2.097444760000000130e+01,-2.618376059999999939e+01,-2.379341910000000127e+01
8.317637709999999629e+00,8.131735320000000655e+00,2.193671960000000087e+00,-2.078874229999999912e+01,-2.600711920000000177e+01,-2.368051309999999887e+01
8.511380380000000301e+00,8.128279080000000434e+00,2.191834710000000186e+00,-2.060265760000000057e+01,-2.582963210000000132e+01,-2.356544740000000004e+01
8.709635900000000319e+00,8.124668189999999512e+00,2.189917499999999961e+00,-2.041621900000000167e+01,-2.565133349999999979e+01,-2.344823969999999846e+01
8.912509379999999481e+00,8.120895870000000016e+00,2.187916910000000215e+00,-2.022945130000000091e+01,-2.547225690000000142e+01,-2.332890919999999824e+01
9.120108390000000398e+00,8.116955029999999738e+00,2.185829369999999994e+00,-2.004237910000000156e+01,-2.529243489999999994e+01,-2.320747709999999842e+01
9.332543010000000194e+00,8.112838280000000069e+00,2.183651150000000207e+00,-1.985502639999999985e+01,-2.511189960000000099e+01,-2.308396610000000138e+01
9.549925860000000100e+00,8.108537880000000087e+00,2.181378350000000133e+00,-1.966741680000000159e+01,-2.493068239999999847e+01,-2.295840090000000089e+01
9.772372210000000337e+00,8.104045779999999866e+00,2.179006880000000201e+00,-1.947957389999999833e+01,-2.474881399999999942e+01,-2.283080710000000124e+01
1.000000000000000000e+01,8.099353550000000013e+00,2.176532470000000163e+00,-1.929152059999999835e+01,-2.456632420000000039e+01,-2.270121239999999929e+01
1.023292990000000025e+01,8.094452410000000597e+00,2.173950660000000035e+00,-1.910327960000000047e+01,-2.438324250000000148e+01,-2.256964530000000124e+01
1.047128550000000047e+01,8.089333180000000567e+00,2.171256769999999836e+00,-1.891487340000000117e+01,-2.419959739999999826e+01,-2.243613570000000124e+01
1.071519310000000047e+01,8.083986270000000474e+00,2.168445909999999976e+00,-1.872632439999999932e+01,-2.401541710000000052e+01,-2.230071470000000033e+01
1.096478199999999958e+01,8.078401680000000695e+00,2.165512960000000042e+00,-1.853765449999999859e+01,-2.383072890000000044e+01,-2.216341429999999946e+01
1.122018450000000023e+01,8.072568959999999905e+00,2.162452549999999807e+00,-1.834888559999999913e+01,-2.364555959999999857e+01,-2.202426750000000055e+01
1.148153620000000075e+01,8.066477210000000397e+00,2.159259070000000058e+00,-1.816003949999999989e+01,-2.345993539999999911e+01,-2.188330789999999837e+01
1.174897550000000024e+01,8.060115030000000402e+00,2.155926619999999794e+00,-1.797113780000000105e+01,-2.327388200000000040e+01,-2.174057009999999934e+01
1.202264429999999962e+01,8.053470550000000117e+00,2.152449059999999914e+00,-1.778220209999999923e+01,-2.308742439999999974e+01,-2.159608929999999916e+01
1.230268769999999989e+01,8.046531350000000415e+00,2.148819899999999894e+00,-1.759325379999999939e+01,-2.290058730000000153e+01,-2.144990100000000055e+01
1.258925409999999978e+01,8.039284490000000005e+00,2.145032399999999839e+00,-1.740431450000000169e+01,-2.271339469999999849e+01,-2.130204140000000024e+01
1.288249549999999921e+01,8.031716449999999341e+00,2.141079439999999945e+00,-1.721540570000000159e+01,-2.252587009999999879e+01,-2.115254699999999843e+01
1.318256739999999994e+01,8.023813139999999677e+00,2.136953609999999948e+00,-1.702654890000000165e+01,-2.233803689999999875e+01,-2.100145450000000125e+01
1.348962880000000020e+01,8.015559850000000708e+00,2.132647110000000179e+00,-1.683776569999999850e+01,-2.214991769999999960e+01,-2.084880100000000169e+01
1.380384259999999941e+01,8.006941219999999859e+00,2.128151780000000048e+00,-1.664907799999999938e+01,-2.196153479999999902e+01,-2.069462359999999990e+01
1.412537539999999936e+01,7.997941270000000102e+00,2.123459050000000126e+00,-1.646050749999999852e+01,-2.177291019999999833e+01,-2.053895959999999832e+01
1.445439769999999946e+01,7.988543309999999842e+00,2.118559970000000181e+00,-1.627207639999999955e+01,-2.158406550000000124e+01,-2.038184610000000063e+01
1.479108390000000028e+01,7.978729930000000081e+00,2.113445140000000055e+00,-1.608380700000000019e+01,-2.139502219999999966e+01,-2.022332060000000098e+01
1.513561250000000058e+01,7.968483029999999800e+00,2.108104700000000165e+00,-1.589572159999999990e+01,-2.120580109999999863e+01,-2.006342019999999948e+01
1.548816620000000022e+01,7.957783700000000238e+00,2.102528350000000046e+00,-1.570784309999999984e+01,-2.101642319999999842e+01,-1.990218189999999865e+01
1.584893190000000018e+01,7.946612290000000023e+00,2.096705280000000116e+00,-1.552019459999999995e+01,-2.082690889999999939e+01,-1.973964259999999982e+01
1.621810100000000077e+01,7.934948300000000287e+00,2.090624159999999954e+00,-1.533279940000000074e+01,-2.063727869999999953e+01,-1.957583899999999844e+01
1.659586910000000159e+01,7.922770410000000041e+00,2.084273150000000019e+00,-1.514568120000000029e+01,-2.044755260000000163e+01,-1.941080759999999827e+01
1.698243649999999860e+01,7.910056420000000088e+00,2.077639809999999976e+00,-1.495886420000000072e+01,-2.025775090000000134e+01,-1.924458470000000077e+01
1.737800830000000119e+01,7.896783260000000304e+00,2.070711139999999784e+00,-1.477237279999999942e+01,-2.006789330000000149e+01,-1.907720610000000150e+01
1.778279410000000027e+01,7.882926910000000120e+00,2.063473539999999939e+00,-1.458623219999999954e+01,-1.987799989999999895e+01,-1.890870759999999962e+01
1.819700860000000020e+01,7.868462410000000240e+00,2.055912750000000067e+00,-1.440046760000000070e+01,-1.968809040000000010e+01,-1.873912440000000146e+01
1.862087139999999863e+01,7.853363840000000096e+00,2.048013870000000125e+00,-1.421510510000000060e+01,-1.949818469999999948e+01,-1.856849169999999916e+01
1.905460719999999952e+01,7.837604259999999989e+00,2.039761289999999949e+00,-1.403017099999999928e+01,-1.930830260000000109e+01,-1.839684400000000153e+01
1.949844600000000128e+01,7.821155700000000266e+00,2.031138680000000196e+00,-1.384569240000000079e+01,-1.911846389999999829e+01,-1.822421579999999963e+01
1.995262310000000028e+01,7.803989139999999658e+00,2.022128990000000126e+00,-1.366169679999999964e+01,-1.892868860000000097e+01,-1.805064099999999883e+01
2.041737940000000151e+01,7.786074479999999909e+00,2.012714349999999985e+00,-1.347821240000000032e+01,-1.873899670000000128e+01,-1.787615339999999975e+01
2.089296129999999962e+01,7.767380499999999799e+00,2.002876109999999876e+00,-1.329526790000000069e+01,-1.854940840000000080e+01,-1.770078630000000075e+01
2.137962089999999904e+01,7.747874849999999647e+00,1.992594769999999960e+00,-1.311289269999999973e+01,-1.835994420000000105e+01,-1.752457270000000022e+01
2.187761619999999851e+01,7.727524039999999594e+00,1.981849949999999971e+00,-1.293111679999999986e+01,-1.817062440000000123e+01,-1.734754530000000017e+01
2.238721140000000176e+01,7.706293389999999910e+00,1.970620349999999910e+00,-1.274997100000000039e+01,-1.798146990000000045e+01,-1.716973660000000024e+01
2.290867649999999855e+01,7.684147010000000222e+00,1.958883750000000035e+00,-1.256948659999999940e+01,-1.779250180000000015e+01,-1.699117880000000014e+01
2.344228820000000013e+01,7.661047800000000407e+00,1.946616920000000084e+00,-1.238969559999999959e+01,-1.760374120000000175e+01,-1.681190360000000084e+01
2.398832919999999902e+01,7.636957419999999885e+00,1.933795640000000038e+00,-1.221063089999999995e+01,-1.741520979999999952e+01,-1.663194269999999975e+01
2.454708919999999850e+01,7.611836249999999637e+00,1.920394619999999941e+00,-1.203232590000000002e+01,-1.722692959999999829e+01,-1.645132759999999905e+01
2.511886429999999848e+01,7.585643440000000126e+00,1.906387480000000023e+00,-1.185481479999999976e+01,-1.703892300000000048e+01,-1.627008950000000098e+01
2.570395780000000130e+01,7.558336800000000189e+00,1.891746699999999892e+00,-1.167813250000000025e+01,-1.685121249999999904e+01,-1.608825939999999832e+01
2.630267990000000111e+01,7.529872880000000102e+00,1.876443599999999989e+00,-1.150231460000000006e+01,-1.666382150000000095e+01,-1.590586829999999985e+01
2.691534800000000160e+01,7.500206910000000171e+00,1.860448270000000015e+00,-1.132739750000000001e+01,-1.647677360000000135e+01,-1.572294690000000017e+01
2.754228700000000174e+01,7.469292789999999904e+00,1.843729570000000040e+00,-1.115341809999999967e+01,-1.629009280000000004e+01,-1.553952619999999918e+01
2.818382929999999931e+01,7.437083130000000430e+00,1.826255039999999941e+00,-1.098041429999999963e+01,-1.610380370000000028e+01,-1.535563669999999981e+01
2.884031500000000037e+01,7.403529200000000365e+00,1.807990900000000067e+00,-1.080842439999999982e+01,-1.591793159999999929e+01,-1.517130940000000017e+01
2.951209229999999906e+01,7.368580950000000129e+00,1.788901990000000053e+00,-1.063748750000000065e+01,-1.573250209999999960e+01,-1.498657479999999964e+01
3.019951719999999895e+01,7.332187030000000050e+00,1.768951720000000005e+00,-1.046764330000000065e+01,-1.554754149999999946e+01,-1.480146410000000046e+01
3.090295430000000110e+01,7.294294780000000422e+00,1.748102049999999963e+00,-1.029893210000000003e+01,-1.536307689999999937e+01,-1.461600830000000073e+01
3.162277660000000168e+01,7.254850260000000439e+00,1.726313409999999937e+00,-1.013139480000000070e+01,-1.517913569999999979e+01,-1.443023849999999975e+01
3.235936569999999790e+01,7.213798249999999967e+00,1.703544710000000073e+00,-9.965072909999999951e+00,-1.499574609999999986e+01,-1.424418630000000086e+01
3.311311210000000216e+01,7.171082270000000314e+00,1.679753269999999965e+00,-9.800008249999999421e+00,-1.481293709999999919e+01,-1.405788339999999970e+01
3.388441559999999697e+01,7.126644640000000308e+00,1.654894759999999909e+00,-9.636243260000000532e+00,-1.463073830000000086e+01,-1.387136199999999953e+01
3.467368499999999898e+01,7.080426459999999977e+00,1.628923230000000055e+00,-9.473820740000000740e+00,-1.444917979999999957e+01,-1.368465450000000061e+01
3.548133889999999724e+01,7.032367680000000121e+00,1.601790969999999925e+00,-9.312783810000000884e+00,-1.426829290000000050e+01,-1.349779400000000074e+01
3.630780550000000062e+01,6.982407130000000350e+00,1.573448589999999925e+00,-9.153175900000000809e+00,-1.408810919999999989e+01,-1.331081380000000003e+01
3.715352289999999869e+01,6.930482559999999737e+00,1.543844879999999975e+00,-8.995040649999999971e+00,-1.390866139999999973e+01,-1.312374789999999969e+01
3.801893960000000305e+01,6.876530680000000118e+00,1.512926870000000035e+00,-8.838421840000000529e+00,-1.372998259999999959e+01,-1.293663100000000021e+01
3.890451449999999767e+01,6.820487250000000223e+00,1.480639720000000104e+00,-8.683363330000000602e+00,-1.355210699999999946e+01,-1.274949819999999967e+01
3.981071709999999797e+01,6.762287090000000056e+00,1.446926759999999978e+00,-8.529908949999999379e+00,-1.337506939999999922e+01,-1.256238549999999954e+01
4.073802779999999757e+01,6.701864170000000342e+00,1.411729440000000002e+00,-8.378102430000000211e+00,-1.319890539999999923e+01,-1.237532969999999999e+01
4.168693830000000133e+01,6.639151690000000272e+00,1.374987310000000074e+00,-8.227987320000000437e+00,-1.302365140000000032e+01,-1.218836819999999932e+01
4.265795190000000048e+01,6.574082129999999857e+00,1.336637999999999993e+00,-8.079606860000000168e+00,-1.284934460000000023e+01,-1.200153940000000041e+01
4.365158319999999748e+01,6.506587320000000396e+00,1.296617249999999943e+00,-7.933003900000000108e+00,-1.267602300000000071e+01,-1.181488249999999951e+01
4.466835919999999760e+01,6.436598560000000191e+00,1.254858840000000031e+00,-7.788220810000000327e+00,-1.250372510000000048e+01,-1.162843769999999921e+01
4.570881899999999831e+01,6.364046669999999573e+00,1.211294670000000018e+00,-7.645299340000000221e+00,-1.233249029999999991e+01,-1.144224619999999959e+01
4.677351409999999987e+01,6.288862090000000293e+00,1.165854710000000072e+00,-7.504280510000000071e+00,-1.216235889999999920e+01,-1.125635010000000058e+01
4.786300920000000048e+01,6.210974969999999651e+00,1.118467019999999978e+00,-7.365204549999999628e+00,-1.199337150000000030e+01,-1.107079270000000015e+01
4.897788189999999986e+01,6.130315279999999589e+00,1.069057810000000108e+00,-7.228110720000000100e+00,-1.182556959999999968e+01,-1.088561830000000086e+01
5.011872340000000037e+01,6.046812889999999996e+00,1.017551440000000085e+00,-7.093037210000000314e+00,-1.165899530000000084e+01,-1.070087209999999978e+01
5.128613839999999868e+01,5.960397689999999749e+00,9.638704470000000191e-01,-6.960021059999999871e+00,-1.149369120000000066e+01,-1.051660080000000086e+01
5.248074600000000345e+01,5.870999649999999903e+00,9.079356210000000260e-01,-6.829097980000000234e+00,-1.132970049999999951e+01,-1.033285189999999965e+01
5.370317959999999857e+01,5.778548999999999936e+00,8.496660350000000417e-01,-6.700302289999999772e+00,-1.116706680000000063e+01,-1.014967399999999920e+01
5.495408739999999881e+01,5.682976250000000285e+00,7.889791210000000055e-01,-6.573666779999999932e+00,-1.100583420000000068e+01,-9.967117059999999640e+00
5.623413250000000119e+01,5.584212370000000369e+00,7.257907369999999636e-01,-6.449222589999999755e+00,-1.084604700000000044e+01,-9.785231989999999769e+00
5.754399370000000147e+01,5.482188850000000002e+00,6.600152510000000250e-01,-6.326999110000000037e+00,-1.068774999999999942e+01,-9.604070820000000452e+00
5.888436550000000125e+01,5.376837809999999607e+00,5.915656310000000362e-01,-6.207023880000000382e+00,-1.053098819999999947e+01,-9.423686650000000498e+00
6.025595859999999959e+01,5.268092120000000378e+00,5.203535500000000535e-01,-6.089322469999999932e+00,-1.037580649999999949e+01,-9.244133599999999618e+00
6.165950019999999654e+01,5.155885500000000121e+00,4.462894929999999816e-01,-5.973918389999999690e+00,-1.022225010000000012e+01,-9.065466830000000087e+00
6.309573439999999778e+01,5.040152609999999811e+00,3.692828859999999769e-01,-5.860833020000000282e+00,-1.007036399999999965e+01,-8.887742400000000487e+00
6.456542290000000150e+01,4.920829170000000197e+00,2.892422179999999954e-01,-5.750085490000000021e+00,-9.920193129999999471e+00,-8.711017299999999963e+00
6.606934479999999610e+01,4.797852029999999601e+00,2.060751909999999909e-01,-5.641692639999999592e+00,-9.771782079999999482e+00,-8.535349310000000855e+00
6.760829750000000615e+01,4.671159270000000419e+00,1.196888660000000049e-01,-5.535668890000000175e+00,-9.625175190000000214e+00,-8.360797010000000640e+00
6.918309709999999768e+01,4.540690320000000391e+00,2.998982390000000040e-02,-5.432026279999999652e+00,-9.480416249999999323e+00,-8.187419609999999182e+00
7.079457840000000601e+01,4.406386010000000297e+00,-6.311566700000000030e-02,-5.330774309999999794e+00,-9.337548509999999524e+00,-8.015276910000000754e+00
7.244359599999999944e+01,4.268188679999999735e+00,-1.597214740000000022e-01,-5.231919979999999804e+00,-9.196614459999999269e+00,-7.844429200000000435e+00
7.413102410000000475e+01,4.126042209999999599e+00,-2.599214149999999890e-01,-5.135467700000000413e+00,-9.057655790000000096e+00,-7.674937149999999875e+00
7.585775750000000528e+01,3.979892169999999840e+00,-3.638090720000000111e-01,-5.041419300000000270e+00,-8.920713199999999787e+00,-7.506861660000000214e+00
7.762471170000000598e+01,3.829685819999999907e+00,-4.714775929999999726e-01,-4.949774030000000380e+00,-8.785826300000000089e+00,-7.340263789999999844e+00
7.943282349999999781e+01,3.675372219999999857e+00,-5.830194920000000280e-01,-4.860528490000000090e+00,-8.653033470000000449e+00,-7.175204609999999761e+00
8.128305159999999319e+01,3.516902249999999786e+00,-6.985264469999999948e-01,-4.773676739999999974e+00,-8.522371709999999823e+00,-7.011745040000000095e+00
8.317637709999999629e+01,3.354228710000000113e+00,-8.180890939999999611e-01,-4.689210209999999712e+00,-8.393876560000000708e+00,-6.849945749999999833e+00
8.511380379999999946e+01,3.187306330000000187e+00,-9.417968180000000356e-01,-4.607117829999999969e+00,-8.267581910000000534e+00,-6.689866969999999746e+00
8.709635900000000674e+01,3.016091820000000201e+00,-1.069737549999999926e+00,-4.527385980000000032e+00,-8.143519910000000195e+00,-6.531568380000000396e+00
8.912509380000000192e+01,2.840543920000000000e+00,-1.201997570000000071e+00,-4.449998599999999804e+00,-8.021720829999999580e+00,-6.375108899999999856e+00
9.120108390000000043e+01,2.660623440000000173e+00,-1.338661289999999893e+00,-4.374937219999999627e+00,-7.902212920000000196e+00,-6.220546589999999654e+00
9.332543010000000550e+01,2.476293239999999951e+00,-1.479811070000000006e+00,-4.302181029999999851e+00,-7.785022350000000202e+00,-6.067938449999999762e+00
9.549925860000000455e+01,2.287518299999999893e+00,-1.625527039999999923e+00,-4.231706960000000350e+00,-7.670173039999999887e+00,-5.917340270000000402e+00
9.772372210000000337e+01,2.094265699999999786e+00,-1.775886910000000096e+00,-4.163489740000000161e+00,-7.557686580000000376e+00,-5.768806449999999586e+00
1.000000000000000000e+02,1.896504650000000014e+00,-1.930965779999999965e+00,-4.097502040000000179e+00,-7.447582169999999557e+00,-5.622389860000000184e+00
